{ "stream":"snd/sprite", "sprite": { "silence": [ 0, 100, true ], "FireworkSound": [ 200, 504.1723356009071 ], "HitFloor1": [ 1300, 609.5238095238096 ], "HitFloor2": [ 2400, 609.886621315193 ], "HitFloor3": [ 3500, 804.4444444444441 ], "LevelsChange": [ 4600, 1504.5351473922901 ], "Rim": [ 6699.999999999999, 580.8616780045348 ], "backboard": [ 7799.999999999999, 751.3832199546489 ], "click1": [ 8899.999999999998, 400.00000000000034 ], "click2": [ 9999.999999999998, 45.306122448979025 ], "countdown1": [ 11099.999999999998, 449.93197278911623 ], "countdown2": [ 12200, 270.79365079365124 ], "crossbar": [ 13299.999999999998, 432.6984126984126 ], "fans1": [ 14399.999999999998, 9585.034013605444 ], "fans2": [ 24500, 6671.156462585035 ], "fansOnBonus": [ 31600, 5138.866213151929 ], "fire": [ 37700, 9000 ], "fon": [ 46800.00000000001, 9585.034013605444 ], "gameOver": [ 56900.00000000001, 961.6326530612228 ], "goal": [ 58000.00000000001, 615.9637188208649 ], "newBall": [ 59100.00000000001, 1953.6054421768724 ] } }
